bus_id,stop_id,arrival_time,report_count,unique_reporters,reports_per_minute,time_since_last_report_s,time_since_first_report_s,distance_mean,distance_median,distance_std,pct_within_radius,acc_mean,weighted_dist_mean,prev_arrival_time,time_since_last_arrival_s,t_mean,t_std,hour_of_day,day_of_week,is_weekend,is_rush_hour,is_early_morning,is_mid_day,is_evening,is_night,confirm_prob,rain_1h,snow_1h,temperature,wind_speed,humidity,visibility,weather_delay_multiplier
7,3,1704080400,16,13,3.53,240.0,344.0,484.17,515.57,97.86,0.81,0.002035,462.3,1704076745.0,1962.0,410.19,103.32,9,0,0,1,0,1,0,0,0.5883,0.0,0.0,25.49816047538945,4.92797576724562,78.7678576602479,10000.0,1.0
4,7,1704084120,23,18,4.66,141.0,364.0,12.57,12.79,24.08,0.41,0.004184,14.9,1704077351.0,3774.0,952.67,157.68,10,0,0,0,0,1,0,0,0.6954,0.0,0.0,26.394633936788146,2.6239780813448106,58.900466011060914,10000.0,1.0
8,6,1704127800,2,2,0.22,80.0,488.0,60.52,69.34,70.85,0.46,0.0032140000000000003,54.43,1704122438.0,5091.0,590.71,295.64,22,0,0,0,0,0,0,1,0.3184,0.0,0.0,23.2323344486728,4.404460046972835,76.65440364437337,10000.0,1.0
5,8,1704124620,17,8,4.11,39.0,536.0,164.15,179.51,83.04,0.97,0.0020180000000000003,140.11,1704120300.0,2069.0,1197.37,102.62,21,0,0,0,0,0,0,1,0.5162,0.0,0.0,28.83229031118418,5.879639408647977,55.51461235739506,10000.0,1.0
7,9,1704140040,20,9,3.55,5.0,345.0,405.64,409.09,8.91,0.48,0.004575,392.43,1704135159.0,2431.0,1181.8,139.88,1,1,0,0,0,0,0,1,0.1898,0.0,0.0,26.329770563201688,2.7272998688284025,60.308477766956905,10000.0,1.0
10,5,1704145740,24,7,2.98,64.0,203.0,481.43,552.33,68.69,0.76,0.003977,537.34,1704142512.0,2705.0,890.52,270.7,3,1,0,0,0,0,0,1,0.3944,0.0,0.0,23.733618039413734,4.099025726528952,62.60605607398844,10000.0,1.0
3,1,1704149760,12,1,2.63,271.0,483.0,397.11,356.65,95.4,0.99,0.001692,410.16,1704143993.0,5271.0,416.84,30.79,4,1,0,0,0,0,0,1,0.4527,0.0,0.0,24.727780074568464,4.447411578889518,62.28072850495105,10000.0,1.0
7,19,1704076620,18,3,2.73,233.0,78.0,348.37,300.62,16.8,0.56,0.003404,373.59,1704073898.0,5053.0,918.17,40.74,8,0,0,1,1,0,0,0,0.5641,0.0,0.0,24.557975442608168,3.465447373174767,62.30361621338045,10000.0,1.0
8,10,1704070020,3,1,0.34,274.0,77.0,265.44,229.38,90.14,0.31,0.003181,232.49,1704065083.0,3814.0,383.73,193.1,6,0,0,0,1,0,0,0,0.2843,0.0,0.0,25.824279936868145,2.798695128633439,74.62939903482534,10000.0,1.0
5,12,1704102900,1,1,0.1,290.0,430.0,52.49,49.0,61.5,0.47,0.002305,54.99,1704098941.0,3441.0,326.43,274.99,15,0,0,0,0,1,0,0,0.3755,0.0,0.0,30.571172192068058,2.185801650879991,69.81036422155105,10000.0,1.0
4,15,1704103140,1,1,0.43,295.0,234.0,479.5,429.38,63.58,0.88,0.002151,445.65,1704096208.0,2004.0,1040.66,94.49,15,0,0,0,0,1,0,0,0.3404,0.0,0.0,31.037724259507193,2.260206371941118,59.26310309218229,10000.0,1.0
8,9,1704149760,19,17,2.03,217.0,253.0,381.61,447.26,63.23,0.91,0.002046,432.64,1704145413.0,2381.0,488.78,156.8,4,1,0,0,0,0,0,1,0.6439,0.0,0.0,26.795542149013333,5.233589392465845,79.14080082686398,10000.0,1.0
8,20,1704110100,11,9,2.03,169.0,561.0,323.09,272.15,33.39,0.84,0.003277,339.8,1704105321.0,2640.0,641.12,151.63,17,0,0,1,0,0,1,0,0.4855,0.0,0.0,28.48836057003192,3.760609974958405,72.10582566280392,10000.0,1.0
3,17,1704106500,5,1,1.5,9.0,172.0,381.93,412.33,93.84,0.38,0.0024909999999999997,335.92,1704102419.0,7147.0,1176.11,157.7,16,0,0,0,0,1,0,0,0.2464,2.728296095500716,0.0,29.293899908000085,3.246844304357644,71.56305710884955,7727.961206236347,1.0534388521115219
6,17,1704147660,12,6,2.34,82.0,173.0,364.81,319.46,95.0,0.86,0.004243,301.28,1704143211.0,3519.0,603.16,198.08,3,1,0,0,0,0,0,1,0.5422,0.0,0.0,25.080272084711243,2.739417822102108,68.667756983582,10000.0,1.0
5,20,1704120180,3,1,0.31,66.0,281.0,322.24,371.43,64.4,0.94,0.003513,263.29,1704118067.0,4443.0,566.84,156.83,20,0,0,0,0,0,1,0,0.3441,0.0,0.0,29.100531293444458,5.579309401710596,78.48747353910473,10000.0,1.0
2,12,1704126660,1,1,0.18,136.0,323.0,490.48,580.99,79.43,0.72,0.0008150000000000001,465.25,1704122247.0,4097.0,1126.39,150.82,22,0,0,0,0,0,0,1,0.403,0.0,0.0,25.391599915244342,2.353970008207678,78.04685587557792,10000.0,1.0
8,7,1704078240,1,1,0.25,93.0,114.0,452.65,446.4,63.16,0.96,0.0033810000000000003,410.26,1704073357.0,2674.0,399.67,158.06,8,0,0,1,1,0,0,0,0.4289,0.0,0.0,24.78393144967658,3.3013213230530574,56.130682222763454,10000.0,1.0
6,2,1704098340,8,6,1.19,241.0,517.0,326.87,376.43,51.02,0.88,0.00172,345.97,1704094284.0,2489.0,983.62,189.53,14,0,0,0,0,1,0,0,0.3916,0.0,0.0,29.94338644844741,5.314950036607717,61.7837257943474,10000.0,1.0
2,3,1704153540,10,10,3.16,46.0,221.0,349.66,280.45,67.78,0.77,0.003167999999999999,349.57,1704150703.0,5800.0,1189.26,174.99,5,1,0,0,1,0,0,0,0.5434,0.0,0.0,24.427013306774356,4.170784332632994,62.02336274218452,10000.0,1.0
5,17,1704116040,11,5,6.54,93.0,439.0,35.28,39.8,57.54,0.7,0.003560999999999999,31.98,1704110751.0,4941.0,1111.17,260.62,19,0,0,1,0,0,1,0,0.8881,4.109886413393179,0.0,29.08897907718663,2.0220884684944096,59.96789203835431,7960.660809801551,1.0574550643679772
1,5,1704136620,12,6,5.56,299.0,146.0,338.26,301.54,61.76,0.54,0.001539,290.8,1704132186.0,3222.0,886.5,43.36,0,1,0,0,0,0,0,1,0.4184,0.0,0.0,26.261845713819337,4.916028672163949,72.67143359619043,10000.0,1.0
10,17,1704153960,13,5,6.04,108.0,114.0,31.64,36.81,79.46,0.41,0.002556,26.92,1704148177.0,2471.0,582.65,255.0,5,1,0,0,1,0,0,0,0.5946,0.0,0.0,26.085081386743784,3.4338629141770904,56.85111629335226,10000.0,1.0
6,17,1704083700,12,11,5.07,18.0,535.0,298.25,238.73,50.69,0.72,0.001356,341.75,1704080122.0,2971.0,528.89,257.86,10,0,0,0,0,1,0,0,0.4657,0.0,0.0,24.46347623810052,4.493192507310232,76.57758564688984,10000.0,1.0
9,17,1704140940,14,12,6.22,292.0,237.0,499.68,510.91,8.87,0.52,0.000736,448.41,1704134030.0,5526.0,1037.33,106.93,1,1,0,0,0,0,0,1,0.2597,0.0,0.0,24.323592099410597,3.243929286862649,56.58895875715059,10000.0,1.0
1,2,1704132720,2,1,0.3,183.0,450.0,282.35,311.33,20.58,0.91,0.002203,299.48,1704125731.0,2743.0,1091.84,154.97,23,0,0,0,0,0,0,1,0.427,0.0,0.0,24.30073328810699,4.550229885420853,73.2401544584516,10000.0,1.0
10,2,1704114480,19,4,7.21,129.0,408.0,241.87,218.52,46.67,1.0,0.002133,271.93,1704108785.0,3249.0,772.89,148.41,18,0,0,1,0,0,1,0,0.7606,0.0,0.0,27.888859700647796,4.85297914889198,57.98985614845754,10000.0,1.0
3,5,1704101220,18,3,4.38,27.0,67.0,163.3,143.26,73.86,0.83,0.00498,170.75,1704098296.0,5537.0,519.91,89.0,14,0,0,0,0,1,0,0,0.5727,0.0,0.0,31.803925243084485,5.083868719818244,69.0319299392374,10000.0,1.0
7,1,1704124200,3,3,0.33,67.0,372.0,69.06,57.57,61.36,0.36,0.002509,78.99,1704121703.0,4339.0,401.65,137.14,21,0,0,0,0,0,0,1,0.5046,0.0,0.0,27.975182385457565,3.7101640734341985,68.06832073454986,10000.0,1.0
4,1,1704093420,23,20,4.37,147.0,502.0,368.2,342.64,66.78,0.5,0.002001,352.35,1704089441.0,5759.0,378.46,41.98,12,0,0,0,0,1,0,0,0.4884,0.0,0.0,28.127095633720476,2.125716742746937,57.697285674832614,10000.0,1.0
9,19,1704100440,17,15,2.43,157.0,387.0,104.37,106.87,50.53,0.38,0.0031119999999999997,123.42,1704097236.0,6791.0,947.17,105.01,14,0,0,0,0,1,0,0,0.4948,0.0,0.0,31.182052056318902,4.034282764658811,62.85889952690817,10000.0,1.0
3,2,1704118620,8,1,3.14,149.0,113.0,66.49,56.27,63.5,0.76,0.000899,56.73,1704111569.0,6060.0,678.11,250.5,19,0,0,1,0,0,1,0,0.7213,0.0,0.0,26.9971689165955,5.022204554172195,65.25957307589074,10000.0,1.0
5,12,1704123120,10,1,3.66,229.0,298.0,216.66,205.97,36.26,0.84,0.0048270000000000006,182.18,1704120277.0,4161.0,1114.82,106.83,21,0,0,0,0,0,0,1,0.5882,0.0,0.0,26.91519266196649,3.159005811655072,56.924497745719826,10000.0,1.0
3,6,1704071100,2,2,1.46,108.0,288.0,399.72,321.23,49.67,0.95,0.003357,425.09,1704067371.0,7001.0,965.7,250.92,6,0,0,0,1,0,0,0,0.3482,0.0,0.0,24.64488514901602,5.232481518257668,78.24244130856432,10000.0,1.0
7,4,1704110040,19,15,7.54,108.0,110.0,375.08,422.89,75.71,0.61,0.003897,441.52,1704107227.0,5452.0,472.13,173.53,17,0,0,1,0,0,1,0,0.7938,0.0,0.0,32.35730295093859,2.7462802355441434,75.09180192247786,10000.0,1.0
5,11,1704070140,9,1,2.57,43.0,323.0,36.89,31.41,87.82,0.93,0.0012670000000000001,41.45,1704068114.0,5470.0,852.4,267.56,6,0,0,0,1,0,0,0,0.5545,0.0,0.0,27.570235993959912,5.229760620656251,68.48355604789127,10000.0,1.0
9,17,1704088200,7,5,2.7,202.0,477.0,233.02,212.83,46.2,0.91,0.002343,193.54,1704084572.0,3553.0,691.95,185.19,11,0,0,0,0,1,0,0,0.5249,0.0,0.0,27.584365199693973,2.440207698110707,62.950086874296595,10000.0,1.0
7,6,1704099660,4,2,2.22,138.0,155.0,265.99,214.75,9.15,0.52,0.002402,242.52,1704092943.0,4152.0,819.52,38.01,14,0,0,0,0,1,0,0,0.3365,0.0,0.0,29.139675812709708,5.272059063689973,65.6776947156564,10000.0,1.0
2,5,1704092940,21,3,10.07,71.0,147.0,325.83,317.0,20.36,0.91,0.004197999999999999,381.91,1704089117.0,3738.0,964.26,212.36,12,0,0,0,0,1,0,0,0.6332,0.0,0.0,32.30365291628172,4.042989210310263,55.173803263279765,10000.0,1.0
4,20,1704108180,18,16,3.5,183.0,137.0,328.58,373.28,6.98,0.56,0.0005059999999999999,296.12,1704101414.0,2170.0,1025.58,42.11,16,0,0,0,0,1,0,0,0.5577,0.0,0.0,29.11053905235365,3.350460685614512,57.99663418334207,10000.0,1.0
9,2,1704127260,13,7,4.55,46.0,347.0,188.7,180.56,67.06,0.51,0.0018539999999999989,209.92,1704123008.0,6748.0,1059.36,151.66,22,0,0,0,0,0,0,1,0.5188,0.0,0.0,26.77163881565008,4.075162486973465,63.08007330051888,10000.0,1.0
2,6,1704097200,11,9,2.57,19.0,179.0,284.73,248.23,36.57,0.75,0.004916,321.76,1704093315.0,6279.0,528.58,280.95,13,0,0,0,0,1,0,0,0.407,0.0,0.0,31.51509479447589,5.887128330883843,64.09074005948236,10000.0,1.0
10,11,1704138960,24,11,4.34,115.0,550.0,245.72,270.66,56.54,0.53,0.002637,245.27,1704132877.0,3731.0,328.0,74.61,1,1,0,0,0,0,0,1,0.4246,0.0,0.0,26.849789179768443,3.988994023569542,61.2945573956341,10000.0,1.0
9,16,1704135900,4,4,0.55,161.0,511.0,443.65,494.9,51.86,0.74,0.002221,423.48,1704133020.0,2224.0,965.37,135.27,0,1,0,0,0,0,0,1,0.4754,0.0,0.0,24.203513239267078,2.147547789418131,62.12101235943669,10000.0,1.0
10,16,1704151620,21,10,15.51,293.0,559.0,269.83,234.62,12.75,0.73,0.001039,264.45,1704144784.0,6524.0,395.71,227.06,4,1,0,0,0,0,0,1,0.5427,0.0,0.0,25.438257335919587,2.2059150049999574,67.56697558072153,10000.0,1.0
5,1,1704118980,4,4,0.49,235.0,224.0,226.11,250.61,43.31,0.69,0.004884,201.42,1704114860.0,2694.0,583.43,268.21,19,0,0,1,0,0,1,0,0.5525,4.587196486849941,0.0,27.95781104111025,2.9682210860460017,79.64126135276501,5434.684616273669,1.0739561890666973
2,9,1704112560,10,8,1.5,161.0,241.0,208.2,245.45,25.95,0.57,0.0005899999999999999,240.63,1704107570.0,2397.0,303.44,211.15,18,0,0,1,0,0,1,0,0.6211,0.0,0.0,29.04647846131487,4.912865394447438,60.94093859980999,10000.0,1.0
4,6,1704120180,5,4,2.88,42.0,528.0,290.49,251.72,44.75,0.68,0.0038169999999999996,284.75,1704115750.0,4862.0,913.5,99.71,20,0,0,0,0,0,1,0,0.5777,0.0,0.0,28.529223322374317,4.143098736299034,70.83824276902237,10000.0,1.0
7,16,1704072000,9,8,1.02,101.0,66.0,403.95,447.74,24.34,0.72,0.003959,465.75,1704067637.0,4136.0,450.42,212.14,6,0,0,0,1,0,0,0,0.441,0.0,0.0,24.361159080217632,3.2831202598869433,75.88256238973095,10000.0,1.0
8,3,1704103440,24,21,2.58,293.0,389.0,273.82,296.66,84.84,0.68,0.001596,230.63,1704098348.0,6488.0,889.75,110.12,15,0,0,0,0,1,0,0,0.6191,0.0,0.0,28.93259255199927,4.363571772752968,56.0193785388691,10000.0,1.0
3,20,1704141780,3,2,1.94,258.0,210.0,334.21,330.68,21.55,0.61,0.003522,399.48,1704135359.0,3487.0,1192.57,223.98,2,1,0,0,0,0,0,1,0.2857,0.0,0.0,25.71025744736913,4.048372233197124,55.4146957231964,10000.0,1.0
1,4,1704137880,17,4,4.87,200.0,144.0,371.55,305.85,96.27,0.31,0.000917999999999999,363.12,1704132494.0,2372.0,365.4,287.59,1,1,0,0,0,0,0,1,0.3655,0.0,0.0,23.90598310079175,2.6974657160199658,71.12931976023624,10000.0,1.0
4,19,1704077940,3,2,0.36,90.0,206.0,264.88,219.82,44.51,0.71,0.0016569999999999998,216.97,1704071709.0,3890.0,369.37,224.78,8,0,0,1,1,0,0,0,0.4068,0.0,0.0,26.763750952409865,5.746919954946938,64.66838365751343,10000.0,1.0
2,3,1704087780,16,8,2.07,14.0,440.0,219.14,250.03,85.39,0.42,0.004046,178.64,1704080806.0,5469.0,606.34,262.98,11,0,0,0,0,1,0,0,0.4903,0.0,0.0,24.550083776583975,2.4538940849623563,63.52665877625646,10000.0,1.0
8,19,1704103140,4,2,1.5,9.0,344.0,439.57,525.75,64.73,0.75,0.004391,482.86,1704098393.0,6072.0,1079.75,30.57,15,0,0,0,0,1,0,0,0.3105,0.0,0.0,32.623468091392816,3.0317665108606224,76.93348383452452,10000.0,1.0
4,20,1704150900,18,18,6.24,127.0,141.0,214.58,229.69,74.86,0.83,0.0032379999999999996,228.23,1704145141.0,6424.0,493.98,223.74,4,1,0,0,0,0,0,1,0.8304,0.0,0.0,25.639936184136715,4.22080324639785,75.4305550050304,10000.0,1.0
2,7,1704087240,17,5,3.92,122.0,573.0,236.35,231.24,77.93,0.65,0.002781,264.91,1704082627.0,3433.0,624.34,253.99,11,0,0,0,0,1,0,0,0.5194,0.0,0.0,26.118602313424027,2.372411071223597,61.04630727251129,10000.0,1.0
6,20,1704109860,7,1,1.31,298.0,582.0,495.27,524.51,52.96,0.68,0.001217,417.09,1704105477.0,6861.0,361.65,40.95,17,0,0,1,0,0,1,0,0.1782,0.0,0.0,32.50209028581665,3.3561191641948027,70.8275364318317,10000.0,1.0
6,9,1704119220,24,4,3.66,163.0,445.0,10.12,10.5,56.61,0.97,0.000784,8.24,1704117259.0,3317.0,986.84,265.33,19,0,0,1,0,0,1,0,1.0,0.0,0.0,28.903822715480956,5.548345697060469,77.42775649881443,10000.0,1.0
10,1,1704133620,23,22,5.32,232.0,530.0,100.88,96.18,53.83,0.89,0.0010289999999999989,101.23,1704131227.0,6093.0,667.48,99.31,23,0,0,0,0,0,0,1,0.8894,0.0,0.0,26.119502183430495,2.3365598599801953,71.05079115385719,10000.0,1.0
4,8,1704129120,5,1,0.97,220.0,178.0,198.14,163.71,60.87,0.94,0.0015229999999999998,189.23,1704124061.0,4457.0,983.32,209.63,22,0,0,0,0,0,0,1,0.6742,0.0,0.0,23.646514856378456,4.42571623863836,77.46385471317699,10000.0,1.0
6,7,1704095580,12,9,1.55,188.0,455.0,466.97,527.02,7.79,0.87,0.002037999999999999,459.86,1704089625.0,5448.0,1113.25,246.1,13,0,0,0,0,1,0,0,0.3373,0.0,0.0,28.04598525808315,4.654007076432223,57.5367885716508,10000.0,1.0
2,18,1704105720,17,1,12.78,19.0,591.0,44.31,42.04,42.57,0.38,0.0022140000000000003,53.02,1704100958.0,6748.0,509.49,208.92,16,0,0,0,0,1,0,0,0.5105,1.2236362313787439,0.0,31.259806297513002,4.848716885390143,60.606732736514,7075.68559307808,1.1048733789366585
10,8,1704128520,23,21,7.03,161.0,320.0,14.65,16.52,62.59,0.4,0.002057999999999999,17.41,1704122832.0,5388.0,1026.66,54.92,22,0,0,0,0,0,0,1,0.7774,0.0,0.0,23.9489963499872,4.985965620472097,63.134992453981695,10000.0,1.0
2,1,1704084780,13,4,1.75,140.0,315.0,35.82,32.27,61.78,0.67,0.001576,42.16,1704079590.0,3337.0,353.18,191.01,10,0,0,0,0,1,0,0,0.64,0.0,0.0,26.59853159618886,4.630451569201373,76.23058526235445,10000.0,1.0
10,11,1704133560,23,13,2.54,265.0,285.0,53.39,42.73,80.33,0.47,0.0027939999999999996,59.45,1704127259.0,6976.0,1108.96,178.39,23,0,0,0,0,0,0,1,0.704,0.0,0.0,25.273234413341886,3.470863212237734,57.341869195702316,10000.0,1.0
4,18,1704129180,3,1,0.54,161.0,112.0,28.42,24.54,67.23,0.63,0.004214,26.77,1704126717.0,4937.0,885.69,273.09,22,0,0,0,0,0,0,1,0.2427,0.0,0.0,24.060809470726902,5.892042219009783,61.09974108447709,10000.0,1.0
8,10,1704069240,9,3,1.55,51.0,559.0,245.09,242.01,99.25,0.58,0.001759,236.48,1704066308.0,1897.0,1086.8,139.14,6,0,0,0,1,0,0,0,0.2425,0.0,0.0,25.57239089866704,4.524554503989052,77.30116387942783,10000.0,1.0
7,3,1704136560,17,6,8.65,177.0,565.0,294.57,346.92,31.97,0.68,0.004740999999999999,300.42,1704129565.0,5015.0,300.17,116.69,0,1,0,0,0,0,0,1,0.6638,0.0,0.0,26.179245214166592,4.307615538505436,67.56592732762981,10000.0,1.0
9,7,1704142140,17,5,3.38,134.0,423.0,143.13,120.35,39.12,0.82,0.004429999999999999,162.05,1704139799.0,6330.0,452.17,232.46,2,1,0,0,0,0,0,1,0.7864,0.0,0.0,24.970070775275456,4.889808461046021,59.88107469495111,10000.0,1.0
8,16,1704115380,20,15,3.45,99.0,339.0,205.16,234.23,41.47,0.8,0.001227999999999999,169.77,1704108487.0,6532.0,650.78,141.42,18,0,0,1,0,0,1,0,0.7518,0.6094218489415423,0.0,29.761834337411656,5.659457560881794,78.84821442506468,5531.332038221147,1.1145472295907168
5,16,1704121560,16,9,5.03,119.0,217.0,54.93,55.52,49.25,0.66,0.004038,53.27,1704114524.0,5550.0,641.55,204.45,20,0,0,0,0,0,1,0,0.7748,0.0,0.0,26.06182646611547,3.7127365932692573,78.20796406469313,10000.0,1.0
2,20,1704128460,22,2,6.43,247.0,118.0,174.82,197.61,84.42,0.88,0.0030859999999999998,145.63,1704123686.0,4957.0,504.06,204.54,22,0,0,0,0,0,0,1,0.5534,0.0,0.0,26.866619276174678,5.41203782186944,79.09049942723132,10000.0,1.0
5,17,1704121980,13,10,2.96,296.0,187.0,266.03,244.57,27.4,0.6,0.0030499999999999998,267.59,1704119313.0,6483.0,643.45,269.77,20,0,0,0,0,0,1,0,0.4205,2.232939778708664,0.0,26.67797098674437,5.744619096643124,68.92003156145876,5950.766015468833,1.1351136671516857
8,2,1704151380,19,18,16.09,286.0,174.0,368.81,418.96,78.72,0.93,0.00226,427.66,1704147514.0,2143.0,415.96,191.65,4,1,0,0,0,0,0,1,0.5106,0.0,0.0,25.784119186699893,2.388705975083074,69.25152925223412,10000.0,1.0
10,1,1704071760,17,13,4.36,287.0,268.0,11.64,12.91,43.5,0.35,0.002755,12.96,1704069529.0,6466.0,671.49,165.58,6,0,0,0,1,0,0,0,0.5272,0.0,0.0,26.46002890679668,2.560336060946096,79.75134625260658,10000.0,1.0
9,16,1704120960,4,1,1.38,73.0,585.0,238.98,213.18,62.18,0.97,0.002287,212.96,1704114325.0,2410.0,1022.12,67.5,20,0,0,0,0,0,1,0,0.5183,0.0,0.0,29.509492287711822,4.788062963981072,73.5192154438551,10000.0,1.0
9,12,1704118320,12,7,3.04,152.0,580.0,155.53,132.59,65.09,0.76,0.0029289999999999997,185.14,1704112242.0,3527.0,731.16,61.25,19,0,0,1,0,0,1,0,0.5783,0.0,0.0,27.43796460487902,5.2374446219140545,62.33979610661233,10000.0,1.0
1,5,1704125100,9,8,4.33,15.0,296.0,427.88,490.87,40.42,0.57,0.003326,456.52,1704122094.0,4090.0,316.2,71.67,21,0,0,0,0,0,0,1,0.5994,0.0,0.0,29.240453578716725,5.652962210225885,76.67680796450259,10000.0,1.0
9,5,1704108300,19,1,2.11,258.0,340.0,360.62,427.44,53.7,0.44,0.003534,290.0,1704103972.0,3654.0,679.3,76.4,16,0,0,0,0,1,0,0,0.459,0.0,0.0,30.507581473435998,4.599855723111061,74.95737947416939,10000.0,1.0
7,9,1704085080,12,6,1.89,42.0,418.0,298.66,242.67,44.24,0.64,0.002896,269.44,1704082111.0,4408.0,324.46,202.23,10,0,0,0,0,1,0,0,0.5631,0.0,0.0,26.807867509030814,5.560021367270265,74.89481673590252,10000.0,1.0
9,9,1704091140,9,1,1.27,138.0,260.0,145.86,159.35,11.57,0.44,0.0037459999999999998,131.9,1704088510.0,6855.0,1169.62,230.06,12,0,0,0,0,1,0,0,0.4552,0.0,0.0,29.68997578425768,2.375927759363476,64.3895738159986,10000.0,1.0
8,3,1704107100,7,2,0.86,204.0,337.0,456.07,530.78,46.53,0.42,0.001135999999999999,377.49,1704103649.0,3879.0,414.71,173.1,16,0,0,0,0,1,0,0,0.361,0.0,0.0,28.17971136898371,4.1705785388303065,66.6399504533115,10000.0,1.0
1,19,1704136740,14,1,2.55,27.0,294.0,32.1,36.69,14.25,0.73,0.001454,38.0,1704133804.0,4124.0,936.92,253.83,0,1,0,0,0,0,0,1,0.5048,0.0,0.0,24.146165008513137,2.1220009997561977,69.77083151422526,10000.0,1.0
8,16,1704108360,20,11,11.22,222.0,553.0,63.64,75.46,43.48,0.67,0.004184,63.09,1704103750.0,6427.0,1175.5,297.64,16,0,0,0,0,1,0,0,0.8254,4.201702522968462,0.0,30.611216300274023,2.8632841099873727,74.24983882746527,5381.181537955655,1.0860190641411263
8,16,1704076140,19,17,3.26,145.0,63.0,201.9,222.91,61.33,0.77,0.001951,233.87,1704073865.0,2977.0,1043.44,251.4,7,0,0,1,1,0,0,0,0.7731,0.0,0.0,26.491561903276,2.206726884674431,57.1336866248442,10000.0,1.0
3,3,1704118800,15,13,2.39,108.0,501.0,70.97,69.33,60.04,0.95,0.000603,65.92,1704114190.0,2891.0,929.38,217.62,19,0,0,1,0,0,1,0,0.9396,0.0,0.0,28.162540486440427,4.904365334890646,70.93574753745517,10000.0,1.0
1,20,1704133860,16,1,2.08,214.0,88.0,478.64,442.64,67.95,0.67,0.001192,406.89,1704130734.0,6779.0,1055.51,173.77,0,1,0,0,0,0,0,1,0.2325,0.0,0.0,26.90340831785014,3.291825891764984,67.90750870752989,10000.0,1.0
8,1,1704151140,21,2,4.3,115.0,168.0,401.01,372.26,14.05,0.71,0.0015060000000000002,396.89,1704144274.0,4591.0,1183.62,151.19,4,1,0,0,0,0,0,1,0.5066,0.0,0.0,26.180744779074814,3.7558856828225444,61.770806281551856,10000.0,1.0
3,20,1704113400,5,1,2.33,108.0,134.0,136.9,149.19,66.95,0.36,0.004808,115.76,1704110581.0,3549.0,859.21,52.79,18,0,0,1,0,0,1,0,0.4661,0.6140783453695589,0.0,28.783896824374793,2.693177280283383,65.22382361035675,7507.940361536617,1.1462648414677925
3,11,1704075960,3,3,0.84,175.0,205.0,298.39,327.73,34.65,0.8,0.003079,296.72,1704068923.0,4475.0,803.27,137.83,7,0,0,1,1,0,0,0,0.4749,0.0,0.0,24.625748170684343,4.196906658824481,61.256072454114886,10000.0,1.0
1,17,1704116400,12,1,2.81,137.0,187.0,491.34,432.45,42.91,0.58,0.004697,573.94,1704112764.0,2581.0,865.41,275.74,19,0,0,1,0,0,1,0,0.433,0.0,0.0,28.640789506870924,5.819461122652776,61.99834742364857,10000.0,1.0
5,8,1704138000,20,16,2.94,297.0,101.0,443.26,508.53,86.51,0.98,0.003087999999999999,446.94,1704131944.0,4848.0,779.41,248.17,1,1,0,0,0,0,0,1,0.7473,0.0,0.0,25.951587666783073,4.4468829849374085,68.85885131278502,10000.0,1.0
10,4,1704153960,21,6,3.42,131.0,415.0,304.39,330.56,5.86,0.88,0.002657,318.57,1704149712.0,3905.0,871.58,88.33,5,1,0,0,1,0,0,0,0.5288,0.0,0.0,24.67840024971116,3.4238907146050463,61.19327473752894,10000.0,1.0
7,6,1704129720,4,4,0.95,110.0,100.0,452.82,464.19,60.9,0.67,0.001912,390.63,1704123627.0,5667.0,704.86,155.98,22,0,0,0,0,0,0,1,0.4353,0.0,0.0,26.031384441857476,2.464290562027665,55.359837215743894,10000.0,1.0
10,8,1704133860,21,17,2.13,96.0,93.0,494.7,489.07,61.88,0.39,0.0032289999999999992,404.41,1704130777.0,6776.0,496.6,250.52,0,1,0,0,0,0,0,1,0.3204,0.0,0.0,23.18401056808701,5.421842336044029,56.018220057974254,10000.0,1.0
9,20,1704106980,23,5,3.56,291.0,76.0,374.24,380.71,42.68,0.9,0.001125999999999999,315.98,1704104521.0,6342.0,408.22,48.19,16,0,0,0,0,1,0,0,0.7966,0.0,0.0,30.370869145436625,3.9664635004673294,57.445854016275035,10000.0,1.0
7,3,1704099720,16,15,5.1,55.0,212.0,41.84,36.14,27.52,0.86,0.004542,43.49,1704092754.0,3913.0,361.51,134.6,14,0,0,0,0,1,0,0,0.8083,0.0,0.0,30.36735885390283,3.735406596951892,59.33004674775038,10000.0,1.0
9,16,1704117060,7,5,3.65,33.0,437.0,206.77,182.26,27.29,0.43,0.0042320000000000005,173.27,1704113250.0,7173.0,536.98,260.0,19,0,0,1,0,0,1,0,0.6821,0.0,0.0,28.463400392208865,2.181216039088178,70.8773412716911,10000.0,1.0
8,3,1704136140,13,6,5.47,218.0,401.0,420.53,351.76,88.95,0.51,0.001929,399.67,1704133942.0,5770.0,341.51,139.05,0,1,0,0,0,0,0,1,0.4366,0.0,0.0,24.498450458505886,4.01254503432035,70.6464978928559,10000.0,1.0
2,18,1704137460,21,3,6.53,271.0,86.0,122.98,105.94,46.99,0.86,0.004788,125.44,1704133927.0,3791.0,810.45,50.96,1,1,0,0,0,0,0,1,0.7089,0.0,0.0,26.42595936475329,2.6517377083257188,71.46734079047363,10000.0,1.0
1,14,1704102540,10,5,4.09,261.0,346.0,417.01,409.29,36.43,0.43,0.004213,398.44,1704098615.0,2867.0,555.45,176.48,15,0,0,0,0,1,0,0,0.3983,0.0,0.0,28.35284373700215,2.1060452421664873,71.06048195515788,10000.0,1.0
7,18,1704098220,7,7,2.61,105.0,227.0,68.97,69.81,47.63,0.94,0.003497999999999999,59.69,1704094249.0,3377.0,1042.08,262.67,14,0,0,0,0,1,0,0,0.6209,0.0,0.0,30.928877906367315,4.301896711503516,78.50575603562393,10000.0,1.0
7,2,1704144600,14,5,3.93,114.0,327.0,33.0,26.64,68.59,0.6,0.001048,30.01,1704142726.0,2811.0,366.82,189.38,3,1,0,0,0,0,0,1,0.4254,0.0,0.0,24.552679704826087,3.8330115619660665,71.08220546105883,10000.0,1.0
8,3,1704122760,5,5,1.95,186.0,514.0,198.2,221.73,18.85,0.36,0.002652,232.16,1704116263.0,4074.0,503.72,91.1,20,0,0,0,0,0,1,0,0.4456,0.0,0.0,29.7658592351061,5.844762255295657,64.65256594501936,10000.0,1.0
5,16,1704146700,3,1,0.33,5.0,460.0,28.0,25.69,47.7,0.87,0.002777,29.97,1704141429.0,6669.0,957.22,133.74,3,1,0,0,0,0,0,1,0.4473,0.0,0.0,26.621402567824255,2.277445203500662,59.89477836973241,10000.0,1.0
3,9,1704141720,23,10,13.36,59.0,535.0,479.06,557.98,60.85,0.56,0.0015459999999999998,478.3,1704139084.0,3614.0,838.93,151.53,2,1,0,0,0,0,0,1,0.3598,0.0,0.0,23.403112005509705,2.3777718430237136,55.455545641288744,10000.0,1.0
8,4,1704111180,11,10,1.92,153.0,189.0,414.84,492.42,95.12,0.67,0.00086,333.98,1704108881.0,4226.0,358.04,186.4,17,0,0,1,0,0,1,0,0.5966,0.0,0.0,28.355943242301144,5.379501243877819,62.97439075734403,10000.0,1.0
6,1,1704103800,11,3,2.34,141.0,422.0,402.38,351.75,28.99,0.38,0.003995,481.64,1704101863.0,7097.0,1089.52,235.02,15,0,0,0,0,1,0,0,0.2752,0.0,0.0,28.116359678679128,3.1274190990935997,75.36171206472339,10000.0,1.0
3,4,1704116340,18,17,1.83,206.0,351.0,318.59,313.76,39.13,0.3,0.001049,340.44,1704112443.0,6202.0,1089.54,56.7,19,0,0,1,0,0,1,0,0.6789,3.635317244138678,0.0,28.94028417521554,3.128138290285226,75.08702325962122,7632.416040581159,1.1128942846779883
1,1,1704120600,15,5,7.47,121.0,430.0,116.0,92.86,41.04,0.75,0.003173999999999999,107.51,1704113732.0,6674.0,597.37,270.21,20,0,0,0,0,0,1,0,0.5139,3.8777663823838626,0.0,27.650470707645706,5.105651842967987,64.30045214481957,7971.51542600202,1.1306834739267264
3,14,1704083760,12,9,2.62,158.0,88.0,263.95,274.33,62.53,0.66,0.0047139999999999994,303.99,1704078264.0,4351.0,606.37,33.32,10,0,0,0,0,1,0,0,0.4549,0.0,0.0,25.36321416101207,5.433651007372047,78.26893314008912,10000.0,1.0
5,16,1704134940,9,1,0.93,295.0,208.0,302.66,315.65,38.89,0.72,0.004442,273.41,1704131255.0,5457.0,1190.13,129.91,0,1,0,0,0,0,0,1,0.5128,0.0,0.0,24.715976109500073,5.018171496338729,73.77177669478743,10000.0,1.0
3,20,1704078180,10,3,1.14,67.0,355.0,267.27,240.28,55.68,0.86,0.0017499999999999998,271.98,1704073623.0,1807.0,863.56,37.4,8,0,0,1,1,0,0,0,0.6093,0.0,0.0,24.412495475343732,4.021009489791428,77.56382266698917,10000.0,1.0
1,8,1704128760,12,4,1.44,248.0,70.0,137.51,140.72,79.27,0.75,0.004332,144.99,1704123040.0,4355.0,778.18,136.1,22,0,0,0,0,0,0,1,0.3983,0.0,0.0,26.305829864430965,5.582092913984802,63.00124002576529,10000.0,1.0
5,7,1704135540,17,1,5.12,29.0,571.0,262.47,233.66,72.01,0.42,0.000501,233.19,1704131840.0,2275.0,1054.34,171.97,0,1,0,0,0,0,0,1,0.4594,0.0,0.0,24.556806714936652,5.621527905677055,55.27094128700746,10000.0,1.0
10,3,1704110760,6,1,2.36,94.0,172.0,250.68,216.67,47.41,0.55,0.000579999999999999,298.65,1704106350.0,4011.0,556.76,168.15,17,0,0,1,0,0,1,0,0.599,1.936911369156867,0.0,30.867189440616432,3.793782087913279,70.79593030424498,7851.821440812668,1.1450061967050804
7,17,1704147480,7,2,1.0,79.0,246.0,498.2,528.39,87.1,0.93,0.003211,547.66,1704141694.0,2284.0,686.26,74.72,3,1,0,0,0,0,0,1,0.2981,0.0,0.0,24.17284308679226,4.690073824308154,63.2166136342479,10000.0,1.0
7,1,1704143580,14,12,1.5,298.0,286.0,449.74,418.42,58.02,0.84,0.002142,460.14,1704140331.0,6800.0,541.0,204.35,2,1,0,0,0,0,0,1,0.5487,0.0,0.0,26.00949811775072,5.158472571178216,74.78947609314622,10000.0,1.0
9,16,1704134520,13,8,2.16,214.0,369.0,237.06,245.62,56.29,0.69,0.0022389999999999997,206.77,1704132174.0,6454.0,1010.24,42.09,0,1,0,0,0,0,0,1,0.4366,0.0,0.0,23.36482441219476,2.230235040066577,67.36050761756454,10000.0,1.0
10,12,1704133200,8,7,1.3,21.0,157.0,315.24,306.82,8.25,0.48,0.0030399999999999997,258.98,1704126383.0,4085.0,816.01,235.71,23,0,0,0,0,0,0,1,0.3822,0.0,0.0,25.19811552929494,5.5508167310331995,66.03826253433442,10000.0,1.0
10,19,1704129480,10,10,2.84,132.0,114.0,376.46,449.4,98.74,0.51,0.001363,349.36,1704123004.0,7023.0,892.94,285.59,22,0,0,0,0,0,0,1,0.5183,0.0,0.0,24.403660050208316,2.5719667282113434,57.926675410690144,10000.0,1.0
3,14,1704074580,9,2,1.14,255.0,465.0,27.08,23.28,16.68,0.81,0.001452999999999999,29.82,1704070777.0,7129.0,527.08,121.74,7,0,0,1,1,0,0,0,0.6911,0.0,0.0,27.04604252686989,2.404490704491161,70.45545158290653,10000.0,1.0
7,6,1704126420,18,3,6.71,183.0,128.0,448.51,442.16,26.96,0.9,0.0026810000000000002,407.13,1704122524.0,6363.0,498.2,169.65,21,0,0,0,0,0,0,1,0.6123,0.0,0.0,26.33642722445999,2.291052025456774,72.524228286478,10000.0,1.0
1,6,1704129660,2,1,0.51,186.0,371.0,431.46,462.6,9.91,0.77,0.003893999999999999,438.29,1704127157.0,5325.0,739.54,132.31,22,0,0,0,0,0,0,1,0.3433,0.0,0.0,26.287440237161427,2.325395122567599,72.65605567891241,10000.0,1.0
4,13,1704096120,5,2,1.04,156.0,348.0,234.14,224.36,65.8,0.87,0.0032879999999999997,255.49,1704091917.0,5139.0,963.81,31.81,13,0,0,0,0,1,0,0,0.6723,0.0,0.0,28.424188570425958,3.4970831830244813,79.66598946252938,10000.0,1.0
4,19,1704142620,5,4,0.9,29.0,207.0,201.67,239.96,26.35,0.84,0.001838,170.04,1704139195.0,4622.0,772.72,134.19,2,1,0,0,0,0,0,1,0.3427,0.0,0.0,24.482568588267565,5.788994309535434,75.31998918143756,10000.0,1.0
5,8,1704123660,6,1,1.89,184.0,526.0,143.75,156.51,22.1,0.4,0.002437,154.4,1704118529.0,6743.0,329.38,243.76,21,0,0,0,0,0,0,1,0.3451,0.0,0.0,29.944004255291482,3.505038342123663,73.83445463147353,10000.0,1.0
7,2,1704082020,19,12,9.34,202.0,303.0,243.57,258.86,13.41,0.6,0.001268,203.81,1704075487.0,4724.0,1081.7,190.92,9,0,0,1,0,1,0,0,0.5609,0.0,0.0,24.334002866794677,4.23361699894322,74.42867289818592,10000.0,1.0
7,1,1704097380,8,5,1.23,165.0,550.0,31.74,35.0,14.81,0.41,0.0008359999999999999,37.65,1704090475.0,2058.0,358.22,57.34,13,0,0,0,0,1,0,0,0.3935,0.0,0.0,30.121110046234882,2.4447899292246054,77.6588596273684,10000.0,1.0
4,15,1704094860,16,14,4.45,181.0,566.0,427.57,504.99,60.54,0.46,0.004022,425.59,1704090082.0,2082.0,1160.24,258.73,13,0,0,0,0,1,0,0,0.33,0.0,0.0,30.463125521454295,3.874642567976505,55.283841119185475,10000.0,1.0
7,1,1704089400,13,11,2.09,289.0,424.0,27.36,31.82,70.38,0.91,0.001694,23.54,1704082864.0,3698.0,322.63,173.39,11,0,0,0,0,1,0,0,0.7212,0.0,0.0,24.22521310272735,2.4701049871084195,57.9704479067018,10000.0,1.0
3,5,1704102000,1,1,0.42,67.0,541.0,171.24,186.6,42.75,0.63,0.0013,160.44,1704097361.0,5935.0,925.01,257.27,15,0,0,0,0,1,0,0,0.4565,0.0,0.0,31.24605151058032,4.333475060388638,73.65112198163558,10000.0,1.0
6,16,1704147720,22,17,4.13,154.0,260.0,466.48,512.97,50.59,0.67,0.003611999999999999,450.32,1704142536.0,4776.0,373.99,186.66,3,1,0,0,0,0,0,1,0.5683,0.0,0.0,26.848690193898168,3.142848345127443,64.3717644880926,10000.0,1.0
2,19,1704145620,20,16,3.45,158.0,213.0,370.25,317.81,70.17,0.42,0.003281,408.49,1704141161.0,4067.0,1119.61,181.12,3,1,0,0,0,0,0,1,0.3776,0.0,0.0,26.474396512757842,5.852890157762445,60.58989596298632,10000.0,1.0
10,4,1704090360,17,15,11.59,160.0,509.0,147.88,124.38,6.65,0.52,0.0033489999999999995,162.28,1704086699.0,5000.0,717.99,58.42,11,0,0,0,0,1,0,0,0.5659,0.0,0.0,24.048617898759264,2.1726396478023045,79.24697066769097,10000.0,1.0
9,3,1704070320,7,7,1.74,53.0,560.0,133.8,137.59,35.7,0.46,0.00153,139.79,1704065664.0,6910.0,423.77,75.19,6,0,0,0,1,0,0,0,0.3857,0.0,0.0,27.564572454792284,5.971859184477202,68.1925277271575,10000.0,1.0
5,17,1704100260,13,5,5.88,88.0,132.0,12.49,10.08,97.44,0.44,0.001547,10.52,1704093159.0,2412.0,606.73,292.45,14,0,0,0,0,1,0,0,0.6418,0.0,0.0,28.368982823676994,5.877210142476396,68.84635711003303,10000.0,1.0
6,17,1704136380,4,1,2.55,181.0,355.0,350.9,348.42,60.11,0.75,0.001494,301.99,1704133895.0,2487.0,448.34,91.69,0,1,0,0,0,0,0,1,0.248,0.0,0.0,25.092391376680595,4.782994755938469,70.73496595338156,10000.0,1.0
4,12,1704117060,4,2,0.4,152.0,76.0,33.9,29.97,29.15,0.48,0.0012820000000000002,28.39,1704110977.0,5490.0,453.52,293.91,19,0,0,1,0,0,1,0,0.5297,0.0,0.0,28.510232320336254,5.604632041963956,69.6078577980775,10000.0,1.0
10,14,1704141180,6,2,1.54,122.0,276.0,270.98,254.29,54.56,0.74,0.003450999999999999,279.34,1704137761.0,2412.0,1153.3,173.62,2,1,0,0,0,0,0,1,0.4609,0.0,0.0,23.181785521365832,5.801645936306235,62.02407973980576,10000.0,1.0
7,6,1704143760,19,11,2.29,67.0,120.0,481.44,534.55,37.55,0.34,0.0043159999999999995,554.07,1704136880.0,4107.0,700.72,66.66,2,1,0,0,0,0,0,1,0.3186,0.0,0.0,26.561055135563667,4.4805303912061465,66.39141881964282,10000.0,1.0
9,3,1704114660,12,3,3.65,193.0,101.0,63.64,74.87,55.56,0.4,0.003759,61.95,1704108217.0,4813.0,1009.92,56.81,18,0,0,1,0,0,1,0,0.6566,1.3465452187569258,0.0,28.33462444740349,5.897579230664666,56.94336592412462,6060.0566840781585,1.096369840493998
7,9,1704095460,22,7,3.08,53.0,84.0,448.3,371.63,16.95,0.49,0.004064,387.48,1704092229.0,3581.0,875.65,86.39,13,0,0,0,0,1,0,0,0.6038,0.0,0.0,32.93105372239801,4.144385465376482,72.45404285049364,10000.0,1.0
1,5,1704115080,7,6,0.89,261.0,98.0,495.82,502.61,17.61,0.72,0.002322,507.33,1704112405.0,4391.0,908.78,279.92,18,0,0,1,0,0,1,0,0.4708,0.0,0.0,29.255180078827795,2.650467757379565,72.11827931384698,10000.0,1.0
1,17,1704129900,10,2,1.57,228.0,190.0,40.14,46.28,18.64,0.77,0.003443,45.15,1704123387.0,4496.0,418.52,141.82,22,0,0,0,0,0,0,1,0.6526,0.0,0.0,26.64370873797537,5.799199653167696,75.56343107307923,10000.0,1.0
9,14,1704149880,19,6,3.62,145.0,557.0,442.62,368.7,94.28,0.61,0.002094,485.41,1704145619.0,5758.0,510.77,136.77,4,1,0,0,0,0,0,1,0.2334,0.0,0.0,25.90287803355344,3.6729721451624755,70.33537989839475,10000.0,1.0
9,3,1704099900,7,2,1.49,219.0,288.0,262.88,297.0,74.63,0.61,0.002865,302.99,1704096735.0,7048.0,1008.08,114.57,14,0,0,0,0,1,0,0,0.3407,0.0,0.0,32.66364241677007,2.1808746804247576,76.6515972375102,10000.0,1.0
4,1,1704131340,3,2,0.72,215.0,167.0,454.19,428.36,20.43,0.81,0.002667,413.84,1704128297.0,2374.0,1173.69,69.71,23,0,0,0,0,0,0,1,0.3466,0.0,0.0,23.10546789798901,5.242213323127332,64.41158417195123,10000.0,1.0
9,20,1704116460,13,2,1.39,36.0,231.0,289.95,269.32,22.89,0.31,0.0012959999999999998,254.45,1704109662.0,3710.0,536.41,161.72,19,0,0,1,0,0,1,0,0.3486,0.0,0.0,26.601667564414115,3.523563426524086,69.85326788380338,10000.0,1.0
5,12,1704096000,1,1,1.0,1765418662.37,1765418662.37,0.0,0.0,0.0,1.0,5e-05,0.0,,,1704096000.0,0.0,22,2,0,0,0,0,0,1,0.4117659572120186,0.0,0.0,26.879657591258415,5.353314818844551,76.05297307839271,10000.0,1.0
5,12,1704096000,2,2,2.0,1765418667.513,1765418667.513,0.0,0.0,0.0,1.0,5e-05,0.0,,,1704096000.0,0.0,22,2,0,0,0,0,0,1,0.448150946907915,0.0,0.0,24.87477263917988,3.093628287722825,65.37048755844162,10000.0,1.0
5,12,1704096000,3,3,3.0,1765418673.627,1765418673.627,0.0,0.0,0.0,1.0,5e-05,0.0,,,1704096000.0,0.0,22,2,0,0,0,0,0,1,0.6382108610197998,0.0,0.0,23.22550198660371,5.251604036520311,76.61805940637633,10000.0,1.0
5,12,1704096000,1,1,1.0,63035011.378,63035011.378,0.0,0.0,0.0,1.0,5e-05,0.0,,,1704096000.0,0.0,22,2,0,0,0,0,0,1,0.4117659572120186,0.0,0.0,26.99887069314452,4.22172682241051,79.91592092684763,10000.0,1.0
5,12,1704096000,1,1,1.0,63035033.069,63035033.069,0.0,0.0,0.0,1.0,5e-05,0.0,,,1704096000.0,0.0,22,2,0,0,0,0,0,1,0.4117659572120186,0.0,0.0,26.075949660722042,5.398589562709645,78.6191432470607,10000.0,1.0
5,12,1704096000,2,2,2.0,63035038.66,63035038.66,0.0,0.0,0.0,1.0,5e-05,0.0,,,1704096000.0,0.0,22,2,0,0,0,0,0,1,0.448150946907915,0.0,0.0,23.98939240697279,2.51663766060598,66.26360338275234,10000.0,1.0
5,12,1704096000,3,3,3.0,63035045.585,63035045.585,0.0,0.0,0.0,1.0,5e-05,0.0,,,1704096000.0,0.0,22,2,0,0,0,0,0,1,0.6382108610197998,0.0,0.0,26.81620410903489,2.914571222013851,70.154365861272,10000.0,1.0
5,12,1704096000,1,1,1.0,63035349.653,63035349.653,0.0,0.0,0.0,1.0,5e-05,0.0,,,1704096000.0,0.0,22,2,0,0,0,0,0,1,0.4117659572120186,0.0,0.0,25.686802737623427,3.432650872131362,70.45320601144739,10000.0,1.0
5,12,1704096000,1,1,1.0,63035405.409,63035405.409,0.0,0.0,0.0,1.0,0.0,0.0,,,1704096000.0,0.0,22,2,0,0,0,0,0,1,0.4117659572120186,0.0,0.0,23.454230368798516,4.081230803615173,71.78932988981998,10000.0,1.0
5,12,1704096000,2,2,2.0,63035418.263,63035418.263,0.0,0.0,0.0,1.0,0.0,0.0,,,1704096000.0,0.0,22,2,0,0,0,0,0,1,0.448150946907915,0.0,0.0,26.08927356694256,5.408726001274161,68.00408752779984,10000.0,1.0
5,12,1704096000,3,3,3.0,63035422.57,63035422.57,0.0,0.0,0.0,1.0,0.0,0.0,,,1704096000.0,0.0,22,2,0,0,0,0,0,1,0.6382108610197998,0.0,0.0,25.20762735509794,5.5066144106333805,69.02344928838465,10000.0,1.0
7,1,1736366850000,1,1,1,31540642.304,31540642.304,0,0,0,1,0,0,,,1736366850000,0,1,4,0,0,0,0,0,1,0,0,25,0,50,10000,1,0,0,0,0,0,0,1,0,0,0.42012548917487574
7,1,1736366670000,2,2,0.6666666666666666,31540671.079,31540851.079,0,0,0,1,0,0,,,1736366760000,90000,1,4,0,0,0,0,0,1,0,0,25,0,50,10000,1,0,0,0,0,0,0,1,1,0,0.4383414837333705
7,1,1736366670000,2,2,0.6666666666666666,31540683.532,31540863.532,0,0,0,1,0,0,,,1736366760000,90000,1,4,0,0,0,0,0,1,0,0,25,0,50,10000,1,0,0,0,0,0,0,1,1,0,0.4383414837333705
7,1,1736366670000,3,3,1,31540693.233,31540873.233,0,0,0,1,0,0,,,1736366730000,84852.8137423857,1,4,0,0,0,0,0,1,0,0,25,0,50,10000,1,0,0,0,0,0,0,1,1,0,0.4462276604359551
7,1,1736366670000,4,4,1.3333333333333333,31540708.867,31540888.867,0,0,0,1,0,0,,,1736366715000,77942.28634059947,1,4,0,0,0,0,0,1,0,0,25,0,50,10000,1,0,0,0,0,0,0,1,1,0,0.44436088192924306
7,1,1736366670000,5,5,1.6666666666666667,31540715.541,31540895.541,0,0,0,1,0,0,,,1736366706000,72000,1,4,0,0,0,0,0,1,0,0,25,0,50,10000,1,0,0,0,0,0,0,1,1,0,0.48498972062474976
7,1,1736366850000,2,2,2,31540739.434,31540739.434,0,0,0,1,0,0,,,1736366850000,0,1,4,0,0,0,0,0,1,0,0,25,0,50,10000,1,0,0,0,0,0,0,1,2,0,0.4297498274126616
7,1,1736366850000,3,3,3,31540751.326,31540751.326,0,0,0,1,0,0,,,1736366850000,0,1,4,0,0,0,0,0,1,0,0,25,0,50,10000,1,0,0,0,0,0,0,1,2,0,0.5710755636596391
7,1,1736366850000,1,1,1,31540875.041,31540875.041,0,0,0,1,0,0,,,1736366850000,0,1,4,0,0,0,0,0,1,0,0,25,0,50,10000,1,0,0,0,0,0,0,1,2,0,0.42012548917487574
7,1,1736366850000,2,2,2,31540882.303,31540882.303,0,0,0,1,0,0,,,1736366850000,0,1,4,0,0,0,0,0,1,0,0,25,0,50,10000,1,0,0,0,0,0,0,1,2,0,0.4297498274126616
7,1,1736366850000,3,3,3,31540889.794,31540889.794,0,0,0,1,0,0,,,1736366850000,0,1,4,0,0,0,0,0,1,0,0,25,0,50,10000,1,0,0,0,0,0,0,1,2,0,0.5710755636596391
